{
  "gizmos-infos": {
    "is2D": false,
    "is3DIcon": false,
    "iconSize": 2,
    "gridVisible": true,
    "gridColor": [
      150,
      150,
      150,
      255
    ],
    "isIconGizmo3D": false,
    "iconGizmoSize": 2,
    "isGridVisible": true
  },
  "camera-infos": {
    "f46876e4-e81b-4931-b493-6d367be385e7": {
      "position": {
        "x": 50,
        "y": 50,
        "z": 50
      },
      "rotation": {
        "x": -0.2798481285572052,
        "y": 0.3647052049636841,
        "z": 0.1159168928861618,
        "w": 0.8804762363433838
      },
      "viewCenter": {
        "x": 0,
        "y": 0,
        "z": 0
      }
    },
    "3d2cc43d-02cf-4711-9da9-1dae6cb37aa9": {
      "position": {
        "x": 104.27616882324219,
        "y": 62.362937927246094,
        "z": 4636.67724609375
      },
      "rotation": {
        "x": -0.006722379010170698,
        "y": 0.011242322623729706,
        "z": 0.00007558163633802906,
        "w": 0.9999142289161682
      },
      "viewCenter": {
        "x": 0,
        "y": 0,
        "z": 0
      }
    },
    "5df1bee5-ab91-4d41-bcf6-135042a49440": {
      "position": {
        "x": 1712.1129150390625,
        "y": 1546.8094482421875,
        "z": 1376.4217529296875
      },
      "rotation": {
        "x": -0.2798481285572052,
        "y": 0.3647052049636841,
        "z": 0.1159168928861618,
        "w": 0.8804762363433838
      },
      "viewCenter": {
        "x": 166.9982250473164,
        "y": 1.6947367625530205,
        "z": -168.69296180986896
      }
    }
  },
  "camera-uuids": [
    "5df1bee5-ab91-4d41-bcf6-135042a49440"
  ],
  "float-window": {
    "position": {
      "cc": {
        "Camera": {
          "dock": false,
          "top": null,
          "bottom": 10,
          "left": null,
          "right": 10
        }
      }
    }
  }
}
